{
  "accuracy": 0.6534446764091858,
  "f1_macro": 0.46345643468668385,
  "details": {
    "0.0": {
      "precision": 0.23076923076923078,
      "recall": 0.14285714285714285,
      "f1-score": 0.17647058823529413,
      "support": 21.0
    },
    "1.0": {
      "precision": 0.46808510638297873,
      "recall": 0.4074074074074074,
      "f1-score": 0.43564356435643564,
      "support": 54.0
    },
    "2.0": {
      "precision": 0.43434343434343436,
      "recall": 0.5512820512820513,
      "f1-score": 0.4858757062146893,
      "support": 78.0
    },
    "3.0": {
      "precision": 0.35714285714285715,
      "recall": 0.30120481927710846,
      "f1-score": 0.32679738562091504,
      "support": 83.0
    },
    "4.0": {
      "precision": 0.88,
      "recall": 0.9053497942386831,
      "f1-score": 0.8924949290060852,
      "support": 243.0
    },
    "accuracy": 0.6534446764091858,
    "macro avg": {
      "precision": 0.4740681257277002,
      "recall": 0.4616202430124786,
      "f1-score": 0.46345643468668385,
      "support": 479.0
    },
    "weighted avg": {
      "precision": 0.6419298426147803,
      "recall": 0.6534446764091858,
      "f1-score": 0.6453640723756766,
      "support": 479.0
    }
  }
}