{
  "r2": 0.9189476991422562,
  "rmse": 0.25889146571788585,
  "mae": 0.20249688145542954
}